{"name":"2d48e7d3-c19c-4301-9e4e-5c8f81e15be0","id":"/providers/Microsoft.Flow/flows/2d48e7d3-c19c-4301-9e4e-5c8f81e15be0","type":"Microsoft.Flow/flows","properties":{"apiId":"/providers/Microsoft.PowerApps/apis/shared_logicflows","displayName":"Patch Notification -> Notify via Teams","definition":{"metadata":{"workflowEntityId":null,"processAdvisorMetadata":null,"flowChargedByPaygo":null,"flowclientsuspensionreason":"None","flowclientsuspensiontime":null,"flowclientsuspensionreasondetails":null,"creator":{"id":"f8ef4d67-94a1-413b-a878-4125e919b781","type":"User","tenantId":"aee6e3c9-711e-4c7c-bd27-04f2307db20d"},"provisioningMethod":"FromDefinition","failureAlertSubscription":true,"clientLastModifiedTime":"2025-11-04T17:24:21.8828449Z","connectionKeySavedTimeKey":"2025-11-04T17:24:21.8828449Z","creationSource":null,"modifiedSources":"Portal"},"$schema":"https://schema.management.azure.com/providers/Microsoft.Logic/schemas/2016-06-01/workflowdefinition.json#","contentVersion":"undefined","parameters":{"$authentication":{"defaultValue":{},"type":"SecureObject"},"$connections":{"defaultValue":{},"type":"Object"}},"triggers":{"manual":{"metadata":{},"type":"Request","kind":"Http","inputs":{"schema":{"type":"object","properties":{"InstalledPatches":{"type":"array","items":{"type":"string"}},"FQDN":{"type":"string"},"MachineName":{"type":"string"},"AvailableUpdates":{"type":"object","properties":{"Portal for ArcGIS":{"type":"array","items":{"type":"object","properties":{"releaseDate":{"type":"string"},"url":{"type":"string"},"description":{"type":"string"}},"required":["releaseDate","url","description"]}},"ArcGIS Server":{"type":"array"},"ArcGIS Data Store":{"type":"array"}}},"IPV4":{"type":"string"},"InstalledComponents":{"type":"object","properties":{"Portal for ArcGIS":{"type":"string"}}}}},"triggerAuthenticationType":"All"}}},"actions":{"JSON_Data":{"runAfter":{},"type":"Compose","inputs":"@triggerBody()?['AvailableUpdates']"},"Parse_Portal_JSON":{"runAfter":{"JSON_Data":["Succeeded"]},"type":"ParseJson","inputs":{"content":"@outputs('JSON_Data')","schema":{"type":"object","properties":{"Portal for ArcGIS":{"type":"array","items":{"type":"object","properties":{"releaseDate":{"type":"string"},"url":{"type":"string"},"description":{"type":"string"}}}}}}}},"Parse_Server_JSON":{"runAfter":{"JSON_Data":["Succeeded"]},"type":"ParseJson","inputs":{"content":"@outputs('JSON_Data')","schema":{"type":"object","properties":{"ArcGIS Server":{"type":"array","items":{"type":"object","properties":{"releaseDate":{"type":"string"},"url":{"type":"string"},"description":{"type":"string"}}}}}}}},"Parse_Data_Store_JSON":{"runAfter":{"JSON_Data":["Succeeded"]},"type":"ParseJson","inputs":{"content":"@outputs('JSON_Data')","schema":{"type":"object","properties":{"ArcGIS Data Store":{"type":"array","items":{"type":"object","properties":{"releaseDate":{"type":"string"},"url":{"type":"string"},"description":{"type":"string"}}}}}}}},"Condition":{"actions":{},"runAfter":{"Parse_Portal_JSON":["Succeeded"]},"else":{"actions":{"For_each_Portal_patch":{"foreach":"@body('Parse_Portal_JSON')?['Portal for ArcGIS']","actions":{"Post_card_in_a_chat_or_channel":{"type":"OpenApiConnection","inputs":{"parameters":{"poster":"User","location":"Channel","body/recipient/groupId":"18b4f576-1442-48c0-a5c9-a0b8fefc2425","body/recipient/channelId":"19:eb7666dc573747118bd251bb34afa2cc@thread.skype","body/messageBody":"{\n    \"type\": \"AdaptiveCard\",\n    \"speak\": \"ArcGIS Enterprise Patch Notification\",\n    \"body\": [\n        {\n            \"inlines\": [\n                {\n                    \"type\": \"TextRun\",\n                    \"size\": \"Small\",\n                    \"text\": \"ArcGIS Enterprise Patch Check\",\n                    \"selectAction\": {\n                        \"url\": \"https://support.esri.com/en-us/patches-updates\",\n                        \"type\": \"Action.OpenUrl\"\n                    }\n                }\n            ],\n            \"type\": \"RichTextBlock\"\n        },\n        {\n            \"columns\": [\n                {\n                    \"width\": \"auto\",\n                    \"items\": [\n                        {\n                            \"type\": \"Icon\",\n                            \"name\": \"Server\",\n                            \"color\": \"Accent\"\n                        }\n                    ],\n                    \"type\": \"Column\"\n                },\n                {\n                    \"width\": \"stretch\",\n                    \"items\": [\n                        {\n                            \"size\": \"Large\",\n                            \"text\": \"Machine\",\n                            \"weight\": \"Bolder\",\n                            \"wrap\": true,\n                            \"type\": \"TextBlock\"\n                        }\n                    ],\n                    \"verticalContentAlignment\": \"Center\",\n                    \"spacing\": \"Small\",\n                    \"type\": \"Column\"\n                }\n            ],\n            \"spacing\": \"Small\",\n            \"type\": \"ColumnSet\"\n        },\n        {\n            \"type\": \"Table\",\n            \"targetWidth\": \"AtLeast:Narrow\",\n            \"columns\": [\n                {\n                    \"width\": 1\n                },\n                {\n                    \"width\": 2\n                }\n            ],\n            \"rows\": [\n                {\n                    \"type\": \"TableRow\",\n                    \"cells\": [\n                        {\n                            \"type\": \"TableCell\",\n                            \"items\": [\n                                {\n                                    \"type\": \"TextBlock\",\n                                    \"text\": \"Machine Name\",\n                                    \"wrap\": true,\n                                    \"weight\": \"Bolder\"\n                                }\n                            ],\n                            \"verticalContentAlignment\": \"Center\"\n                        },\n                        {\n                            \"type\": \"TableCell\",\n                            \"items\": [\n                                {\n                                    \"type\": \"TextBlock\",\n                                    \"text\": \"@{triggerBody()?['MachineName']}\",\n                                    \"wrap\": true\n                                }\n                            ],\n                            \"verticalContentAlignment\": \"Center\"\n                        }\n                    ]\n                },\n                {\n                    \"type\": \"TableRow\",\n                    \"cells\": [\n                        {\n                            \"type\": \"TableCell\",\n                            \"items\": [\n                                {\n                                    \"type\": \"TextBlock\",\n                                    \"text\": \"FQDN\",\n                                    \"wrap\": true,\n                                    \"weight\": \"Bolder\"\n                                }\n                            ]\n                        },\n                        {\n                            \"type\": \"TableCell\",\n                            \"items\": [\n                                {\n                                    \"type\": \"TextBlock\",\n                                    \"text\": \"@{triggerBody()?['FQDN']}\",\n                                    \"wrap\": true\n                                }\n                            ]\n                        }\n                    ]\n                },\n                {\n                    \"type\": \"TableRow\",\n                    \"cells\": [\n                        {\n                            \"type\": \"TableCell\",\n                            \"items\": [\n                                {\n                                    \"type\": \"TextBlock\",\n                                    \"text\": \"IP Address\",\n                                    \"wrap\": true,\n                                    \"weight\": \"Bolder\"\n                                }\n                            ],\n                            \"verticalContentAlignment\": \"Center\"\n                        },\n                        {\n                            \"type\": \"TableCell\",\n                            \"items\": [\n                                {\n                                    \"type\": \"ColumnSet\",\n                                    \"columns\": [\n                                        {\n                                            \"type\": \"Column\",\n                                            \"width\": \"stretch\",\n                                            \"items\": [\n                                                {\n                                                    \"color\": \"Default\",\n                                                    \"text\": \"@{triggerBody()?['IPV4']}\",\n                                                    \"wrap\": true,\n                                                    \"spacing\": \"Small\",\n                                                    \"type\": \"TextBlock\"\n                                                }\n                                            ],\n                                            \"spacing\": \"Small\"\n                                        }\n                                    ],\n                                    \"spacing\": \"Small\"\n                                }\n                            ],\n                            \"verticalContentAlignment\": \"Center\"\n                        }\n                    ]\n                },\n                {\n                    \"type\": \"TableRow\",\n                    \"cells\": [\n                        {\n                            \"type\": \"TableCell\",\n                            \"verticalContentAlignment\": \"Center\"\n                        },\n                        {\n                            \"type\": \"TableCell\"\n                        }\n                    ]\n                }\n            ],\n            \"firstRowAsHeaders\": false,\n            \"showGridLines\": false\n        },\n        {\n            \"type\": \"Container\",\n            \"items\": [\n                {\n                    \"type\": \"ColumnSet\",\n                    \"columns\": [\n                        {\n                            \"type\": \"Column\",\n                            \"width\": \"auto\",\n                            \"items\": [\n                                {\n                                    \"type\": \"Icon\",\n                                    \"name\": \"AlertBadge\",\n                                    \"color\": \"Warning\"\n                                }\n                            ]\n                        },\n                        {\n                            \"type\": \"Column\",\n                            \"width\": \"stretch\",\n                            \"items\": [\n                                {\n                                    \"type\": \"TextBlock\",\n                                    \"text\": \"Patch available\",\n                                    \"wrap\": true,\n                                    \"size\": \"Large\"\n                                }\n                            ]\n                        }\n                    ]\n                },\n                {\n                    \"type\": \"FactSet\",\n                    \"facts\": [\n                        {\n                            \"title\": \"Description\",\n                            \"value\": \"@{items('For_each_Portal_patch')?['description']}\"\n                        },\n                        {\n                            \"title\": \"Release Date\",\n                            \"value\": \"@{items('For_each_Portal_patch')?['releaseDate']}\"\n                        },\n                        {\n                            \"title\": \"URL\",\n                            \"value\": \"@{items('For_each_Portal_patch')?['url']}\"\n                        }\n\n                    ]\n                }\n\n            ]\n        },\n        {\n            \"type\": \"Container\",\n            \"targetWidth\": \"VeryNarrow\",\n            \"items\": [\n                {\n                    \"text\": \"Machine Name\",\n                    \"weight\": \"Bolder\",\n                    \"wrap\": true,\n                    \"type\": \"TextBlock\"\n                },\n                {\n                    \"text\": \"@{triggerBody()?['MachineName']}\",\n                    \"wrap\": true,\n                    \"type\": \"TextBlock\",\n                    \"spacing\": \"None\"\n                },\n                {\n                    \"text\": \"FQDN\",\n                    \"weight\": \"Bolder\",\n                    \"wrap\": true,\n                    \"spacing\": \"Small\",\n                    \"type\": \"TextBlock\"\n                },\n                {\n                    \"text\": \"@{triggerBody()?['FQDN']}\",\n                    \"wrap\": true,\n                    \"spacing\": \"None\",\n                    \"type\": \"TextBlock\"\n                },\n                {\n                    \"text\": \"IP Address\",\n                    \"weight\": \"Bolder\",\n                    \"wrap\": true,\n                    \"spacing\": \"Small\",\n                    \"type\": \"TextBlock\"\n                },\n                {\n                    \"type\": \"ColumnSet\",\n                    \"columns\": [\n                        {\n                            \"type\": \"Column\",\n                            \"width\": \"stretch\",\n                            \"items\": [\n                                {\n                                    \"color\": \"Default\",\n                                    \"text\": \"@{triggerBody()?['IPV4']}\",\n                                    \"wrap\": true,\n                                    \"spacing\": \"Small\",\n                                    \"type\": \"TextBlock\"\n                                }\n                            ],\n                            \"spacing\": \"Small\"\n                        }\n                    ],\n                    \"spacing\": \"None\"\n                },\n                {\n                    \"type\": \"TextBlock\",\n                    \"text\": \"Description\",\n                    \"wrap\": true\n                },\n                {\n                    \"type\": \"TextBlock\",\n                    \"text\": \"@{items('For_each_Portal_patch')?['description']}\",\n                    \"wrap\": true\n                },\n                {\n                    \"type\": \"TextBlock\",\n                    \"text\": \"Release Date\",\n                    \"wrap\": true\n                },\n                {\n                    \"type\": \"TextBlock\",\n                    \"text\": \"@{items('For_each_Portal_patch')?['releaseDate']}\",\n                    \"wrap\": true\n                },\n                {\n                    \"type\": \"TextBlock\",\n                    \"text\": \"URL\",\n                    \"wrap\": true\n                },\n                {\n                    \"type\": \"TextBlock\",\n                    \"text\": \"@{items('For_each_Portal_patch')?['url']}\",\n                    \"wrap\": true\n                },\n\n            ]\n        }\n    ],\n    \"$schema\": \"https://adaptivecards.io/schemas/adaptive-card.json\",\n    \"version\": \"1.5\"\n}"},"host":{"apiId":"/providers/Microsoft.PowerApps/apis/shared_teams","connectionName":"shared_teams","operationId":"PostCardToConversation"},"authentication":"@parameters('$authentication')"}}},"type":"Foreach"}}},"expression":{"and":[{"contains":["@body('Parse_Portal_JSON')?['Portal for ArcGIS']","Portal for ArcGIS"]}]},"type":"If"},"Condition_1":{"actions":{},"runAfter":{"Parse_Server_JSON":["Succeeded"]},"else":{"actions":{"for_each_Server_Patch":{"foreach":"@body('Parse_Server_JSON')?['ArcGIS Server']","actions":{"Post_card_in_a_chat_or_channel_1":{"type":"OpenApiConnection","inputs":{"parameters":{"poster":"User","location":"Channel","body/recipient/groupId":"18b4f576-1442-48c0-a5c9-a0b8fefc2425","body/recipient/channelId":"19:eb7666dc573747118bd251bb34afa2cc@thread.skype","body/messageBody":"{\n    \"type\": \"AdaptiveCard\",\n    \"speak\": \"ArcGIS Enterprise Patch Notification\",\n    \"body\": [\n        {\n            \"inlines\": [\n                {\n                    \"type\": \"TextRun\",\n                    \"size\": \"Small\",\n                    \"text\": \"ArcGIS Enterprise Patch Check\",\n                    \"selectAction\": {\n                        \"url\": \"https://support.esri.com/en-us/patches-updates\",\n                        \"type\": \"Action.OpenUrl\"\n                    }\n                }\n            ],\n            \"type\": \"RichTextBlock\"\n        },\n        {\n            \"columns\": [\n                {\n                    \"width\": \"auto\",\n                    \"items\": [\n                        {\n                            \"type\": \"Icon\",\n                            \"name\": \"Server\",\n                            \"color\": \"Accent\"\n                        }\n                    ],\n                    \"type\": \"Column\"\n                },\n                {\n                    \"width\": \"stretch\",\n                    \"items\": [\n                        {\n                            \"size\": \"Large\",\n                            \"text\": \"Machine\",\n                            \"weight\": \"Bolder\",\n                            \"wrap\": true,\n                            \"type\": \"TextBlock\"\n                        }\n                    ],\n                    \"verticalContentAlignment\": \"Center\",\n                    \"spacing\": \"Small\",\n                    \"type\": \"Column\"\n                }\n            ],\n            \"spacing\": \"Small\",\n            \"type\": \"ColumnSet\"\n        },\n        {\n            \"type\": \"Table\",\n            \"targetWidth\": \"AtLeast:Narrow\",\n            \"columns\": [\n                {\n                    \"width\": 1\n                },\n                {\n                    \"width\": 2\n                }\n            ],\n            \"rows\": [\n                {\n                    \"type\": \"TableRow\",\n                    \"cells\": [\n                        {\n                            \"type\": \"TableCell\",\n                            \"items\": [\n                                {\n                                    \"type\": \"TextBlock\",\n                                    \"text\": \"Machine Name\",\n                                    \"wrap\": true,\n                                    \"weight\": \"Bolder\"\n                                }\n                            ],\n                            \"verticalContentAlignment\": \"Center\"\n                        },\n                        {\n                            \"type\": \"TableCell\",\n                            \"items\": [\n                                {\n                                    \"type\": \"TextBlock\",\n                                    \"text\": \"@{triggerBody()?['MachineName']}\",\n                                    \"wrap\": true\n                                }\n                            ],\n                            \"verticalContentAlignment\": \"Center\"\n                        }\n                    ]\n                },\n                {\n                    \"type\": \"TableRow\",\n                    \"cells\": [\n                        {\n                            \"type\": \"TableCell\",\n                            \"items\": [\n                                {\n                                    \"type\": \"TextBlock\",\n                                    \"text\": \"FQDN\",\n                                    \"wrap\": true,\n                                    \"weight\": \"Bolder\"\n                                }\n                            ]\n                        },\n                        {\n                            \"type\": \"TableCell\",\n                            \"items\": [\n                                {\n                                    \"type\": \"TextBlock\",\n                                    \"text\": \"@{triggerBody()?['FQDN']}\",\n                                    \"wrap\": true\n                                }\n                            ]\n                        }\n                    ]\n                },\n                {\n                    \"type\": \"TableRow\",\n                    \"cells\": [\n                        {\n                            \"type\": \"TableCell\",\n                            \"items\": [\n                                {\n                                    \"type\": \"TextBlock\",\n                                    \"text\": \"IP Address\",\n                                    \"wrap\": true,\n                                    \"weight\": \"Bolder\"\n                                }\n                            ],\n                            \"verticalContentAlignment\": \"Center\"\n                        },\n                        {\n                            \"type\": \"TableCell\",\n                            \"items\": [\n                                {\n                                    \"type\": \"ColumnSet\",\n                                    \"columns\": [\n                                        {\n                                            \"type\": \"Column\",\n                                            \"width\": \"stretch\",\n                                            \"items\": [\n                                                {\n                                                    \"color\": \"Default\",\n                                                    \"text\": \"@{triggerBody()?['IPV4']}\",\n                                                    \"wrap\": true,\n                                                    \"spacing\": \"Small\",\n                                                    \"type\": \"TextBlock\"\n                                                }\n                                            ],\n                                            \"spacing\": \"Small\"\n                                        }\n                                    ],\n                                    \"spacing\": \"Small\"\n                                }\n                            ],\n                            \"verticalContentAlignment\": \"Center\"\n                        }\n                    ]\n                },\n                {\n                    \"type\": \"TableRow\",\n                    \"cells\": [\n                        {\n                            \"type\": \"TableCell\",\n                            \"verticalContentAlignment\": \"Center\"\n                        },\n                        {\n                            \"type\": \"TableCell\"\n                        }\n                    ]\n                }\n            ],\n            \"firstRowAsHeaders\": false,\n            \"showGridLines\": false\n        },\n        {\n            \"type\": \"Container\",\n            \"items\": [\n                {\n                    \"type\": \"ColumnSet\",\n                    \"columns\": [\n                        {\n                            \"type\": \"Column\",\n                            \"width\": \"auto\",\n                            \"items\": [\n                                {\n                                    \"type\": \"Icon\",\n                                    \"name\": \"AlertBadge\",\n                                    \"color\": \"Warning\"\n                                }\n                            ]\n                        },\n                        {\n                            \"type\": \"Column\",\n                            \"width\": \"stretch\",\n                            \"items\": [\n                                {\n                                    \"type\": \"TextBlock\",\n                                    \"text\": \"Patch available\",\n                                    \"wrap\": true,\n                                    \"size\": \"Large\"\n                                }\n                            ]\n                        }\n                    ]\n                },\n                {\n                    \"type\": \"FactSet\",\n                    \"facts\": [\n                        {\n                            \"title\": \"Description\",\n                            \"value\": \"@{items('for_each_Server_Patch')?['description']}\"\n                        },\n                        {\n                            \"title\": \"Release Date\",\n                            \"value\": \"@{items('for_each_Server_Patch')?['releaseDate']}\"\n                        },\n                        {\n                            \"title\": \"URL\",\n                            \"value\": \"@{items('for_each_Server_Patch')?['url']}\"\n                        }\n\n                    ]\n                }\n\n            ]\n        },\n        {\n            \"type\": \"Container\",\n            \"targetWidth\": \"VeryNarrow\",\n            \"items\": [\n                {\n                    \"text\": \"Machine Name\",\n                    \"weight\": \"Bolder\",\n                    \"wrap\": true,\n                    \"type\": \"TextBlock\"\n                },\n                {\n                    \"text\": \"@{triggerBody()?['MachineName']}\",\n                    \"wrap\": true,\n                    \"type\": \"TextBlock\",\n                    \"spacing\": \"None\"\n                },\n                {\n                    \"text\": \"FQDN\",\n                    \"weight\": \"Bolder\",\n                    \"wrap\": true,\n                    \"spacing\": \"Small\",\n                    \"type\": \"TextBlock\"\n                },\n                {\n                    \"text\": \"@{triggerBody()?['FQDN']}\",\n                    \"wrap\": true,\n                    \"spacing\": \"None\",\n                    \"type\": \"TextBlock\"\n                },\n                {\n                    \"text\": \"IP Address\",\n                    \"weight\": \"Bolder\",\n                    \"wrap\": true,\n                    \"spacing\": \"Small\",\n                    \"type\": \"TextBlock\"\n                },\n                {\n                    \"type\": \"ColumnSet\",\n                    \"columns\": [\n                        {\n                            \"type\": \"Column\",\n                            \"width\": \"stretch\",\n                            \"items\": [\n                                {\n                                    \"color\": \"Default\",\n                                    \"text\": \"@{triggerBody()?['IPV4']}\",\n                                    \"wrap\": true,\n                                    \"spacing\": \"Small\",\n                                    \"type\": \"TextBlock\"\n                                }\n                            ],\n                            \"spacing\": \"Small\"\n                        }\n                    ],\n                    \"spacing\": \"None\"\n                },\n                {\n                    \"type\": \"TextBlock\",\n                    \"text\": \"Description\",\n                    \"wrap\": true\n                },\n                {\n                    \"type\": \"TextBlock\",\n                    \"text\": \"@{items('for_each_Server_Patch')?['description']}\",\n                    \"wrap\": true\n                },\n                {\n                    \"type\": \"TextBlock\",\n                    \"text\": \"Release Date\",\n                    \"wrap\": true\n                },\n                {\n                    \"type\": \"TextBlock\",\n                    \"text\": \"@{items('for_each_Server_Patch')?['releaseDate']}\",\n                    \"wrap\": true\n                },\n                {\n                    \"type\": \"TextBlock\",\n                    \"text\": \"URL\",\n                    \"wrap\": true\n                },\n                {\n                    \"type\": \"TextBlock\",\n                    \"text\": \"@{items('for_each_Server_Patch')?['url']}\",\n                    \"wrap\": true\n                },\n\n            ]\n        }\n    ],\n    \"$schema\": \"https://adaptivecards.io/schemas/adaptive-card.json\",\n    \"version\": \"1.5\"\n}"},"host":{"apiId":"/providers/Microsoft.PowerApps/apis/shared_teams","connectionName":"shared_teams","operationId":"PostCardToConversation"},"authentication":"@parameters('$authentication')"}}},"type":"Foreach"}}},"expression":{"and":[{"contains":["@body('Parse_Server_JSON')?['ArcGIS Server']","ArcGIS Server"]}]},"type":"If"},"Condition_2":{"actions":{},"runAfter":{"Parse_Data_Store_JSON":["Succeeded"]},"else":{"actions":{"for_each_Data_Store_Patch":{"foreach":"@body('Parse_Data_Store_JSON')?['ArcGIS Data Store']","actions":{"Post_card_in_a_chat_or_channel_2":{"type":"OpenApiConnection","inputs":{"parameters":{"poster":"User","location":"Channel","body/recipient/groupId":"18b4f576-1442-48c0-a5c9-a0b8fefc2425","body/recipient/channelId":"19:eb7666dc573747118bd251bb34afa2cc@thread.skype","body/messageBody":"{\n    \"type\": \"AdaptiveCard\",\n    \"speak\": \"ArcGIS Enterprise Patch Notification\",\n    \"body\": [\n        {\n            \"inlines\": [\n                {\n                    \"type\": \"TextRun\",\n                    \"size\": \"Small\",\n                    \"text\": \"ArcGIS Enterprise Patch Check\",\n                    \"selectAction\": {\n                        \"url\": \"https://support.esri.com/en-us/patches-updates\",\n                        \"type\": \"Action.OpenUrl\"\n                    }\n                }\n            ],\n            \"type\": \"RichTextBlock\"\n        },\n        {\n            \"columns\": [\n                {\n                    \"width\": \"auto\",\n                    \"items\": [\n                        {\n                            \"type\": \"Icon\",\n                            \"name\": \"Server\",\n                            \"color\": \"Accent\"\n                        }\n                    ],\n                    \"type\": \"Column\"\n                },\n                {\n                    \"width\": \"stretch\",\n                    \"items\": [\n                        {\n                            \"size\": \"Large\",\n                            \"text\": \"Machine\",\n                            \"weight\": \"Bolder\",\n                            \"wrap\": true,\n                            \"type\": \"TextBlock\"\n                        }\n                    ],\n                    \"verticalContentAlignment\": \"Center\",\n                    \"spacing\": \"Small\",\n                    \"type\": \"Column\"\n                }\n            ],\n            \"spacing\": \"Small\",\n            \"type\": \"ColumnSet\"\n        },\n        {\n            \"type\": \"Table\",\n            \"targetWidth\": \"AtLeast:Narrow\",\n            \"columns\": [\n                {\n                    \"width\": 1\n                },\n                {\n                    \"width\": 2\n                }\n            ],\n            \"rows\": [\n                {\n                    \"type\": \"TableRow\",\n                    \"cells\": [\n                        {\n                            \"type\": \"TableCell\",\n                            \"items\": [\n                                {\n                                    \"type\": \"TextBlock\",\n                                    \"text\": \"Machine Name\",\n                                    \"wrap\": true,\n                                    \"weight\": \"Bolder\"\n                                }\n                            ],\n                            \"verticalContentAlignment\": \"Center\"\n                        },\n                        {\n                            \"type\": \"TableCell\",\n                            \"items\": [\n                                {\n                                    \"type\": \"TextBlock\",\n                                    \"text\": \"@{triggerBody()?['MachineName']}\",\n                                    \"wrap\": true\n                                }\n                            ],\n                            \"verticalContentAlignment\": \"Center\"\n                        }\n                    ]\n                },\n                {\n                    \"type\": \"TableRow\",\n                    \"cells\": [\n                        {\n                            \"type\": \"TableCell\",\n                            \"items\": [\n                                {\n                                    \"type\": \"TextBlock\",\n                                    \"text\": \"FQDN\",\n                                    \"wrap\": true,\n                                    \"weight\": \"Bolder\"\n                                }\n                            ]\n                        },\n                        {\n                            \"type\": \"TableCell\",\n                            \"items\": [\n                                {\n                                    \"type\": \"TextBlock\",\n                                    \"text\": \"@{triggerBody()?['FQDN']}\",\n                                    \"wrap\": true\n                                }\n                            ]\n                        }\n                    ]\n                },\n                {\n                    \"type\": \"TableRow\",\n                    \"cells\": [\n                        {\n                            \"type\": \"TableCell\",\n                            \"items\": [\n                                {\n                                    \"type\": \"TextBlock\",\n                                    \"text\": \"IP Address\",\n                                    \"wrap\": true,\n                                    \"weight\": \"Bolder\"\n                                }\n                            ],\n                            \"verticalContentAlignment\": \"Center\"\n                        },\n                        {\n                            \"type\": \"TableCell\",\n                            \"items\": [\n                                {\n                                    \"type\": \"ColumnSet\",\n                                    \"columns\": [\n                                        {\n                                            \"type\": \"Column\",\n                                            \"width\": \"stretch\",\n                                            \"items\": [\n                                                {\n                                                    \"color\": \"Default\",\n                                                    \"text\": \"@{triggerBody()?['IPV4']}\",\n                                                    \"wrap\": true,\n                                                    \"spacing\": \"Small\",\n                                                    \"type\": \"TextBlock\"\n                                                }\n                                            ],\n                                            \"spacing\": \"Small\"\n                                        }\n                                    ],\n                                    \"spacing\": \"Small\"\n                                }\n                            ],\n                            \"verticalContentAlignment\": \"Center\"\n                        }\n                    ]\n                },\n                {\n                    \"type\": \"TableRow\",\n                    \"cells\": [\n                        {\n                            \"type\": \"TableCell\",\n                            \"verticalContentAlignment\": \"Center\"\n                        },\n                        {\n                            \"type\": \"TableCell\"\n                        }\n                    ]\n                }\n            ],\n            \"firstRowAsHeaders\": false,\n            \"showGridLines\": false\n        },\n        {\n            \"type\": \"Container\",\n            \"items\": [\n                {\n                    \"type\": \"ColumnSet\",\n                    \"columns\": [\n                        {\n                            \"type\": \"Column\",\n                            \"width\": \"auto\",\n                            \"items\": [\n                                {\n                                    \"type\": \"Icon\",\n                                    \"name\": \"AlertBadge\",\n                                    \"color\": \"Warning\"\n                                }\n                            ]\n                        },\n                        {\n                            \"type\": \"Column\",\n                            \"width\": \"stretch\",\n                            \"items\": [\n                                {\n                                    \"type\": \"TextBlock\",\n                                    \"text\": \"Patch available\",\n                                    \"wrap\": true,\n                                    \"size\": \"Large\"\n                                }\n                            ]\n                        }\n                    ]\n                },\n                {\n                    \"type\": \"FactSet\",\n                    \"facts\": [\n                        {\n                            \"title\": \"Description\",\n                            \"value\": \"@{items('for_each_Data_Store_Patch')?['description']}\"\n                        },\n                        {\n                            \"title\": \"Release Date\",\n                            \"value\": \"@{items('for_each_Data_Store_Patch')?['releaseDate']}\"\n                        },\n                        {\n                            \"title\": \"URL\",\n                            \"value\": \"@{items('for_each_Data_Store_Patch')?['url']}\"\n                        },\n\n                    ]\n                }\n\n            ]\n        },\n        {\n            \"type\": \"Container\",\n            \"targetWidth\": \"VeryNarrow\",\n            \"items\": [\n                {\n                    \"text\": \"Machine Name\",\n                    \"weight\": \"Bolder\",\n                    \"wrap\": true,\n                    \"type\": \"TextBlock\"\n                },\n                {\n                    \"text\": \"@{triggerBody()?['MachineName']}\",\n                    \"wrap\": true,\n                    \"type\": \"TextBlock\",\n                    \"spacing\": \"None\"\n                },\n                {\n                    \"text\": \"FQDN\",\n                    \"weight\": \"Bolder\",\n                    \"wrap\": true,\n                    \"spacing\": \"Small\",\n                    \"type\": \"TextBlock\"\n                },\n                {\n                    \"text\": \"@{triggerBody()?['FQDN']}\",\n                    \"wrap\": true,\n                    \"spacing\": \"None\",\n                    \"type\": \"TextBlock\"\n                },\n                {\n                    \"text\": \"IP Address\",\n                    \"weight\": \"Bolder\",\n                    \"wrap\": true,\n                    \"spacing\": \"Small\",\n                    \"type\": \"TextBlock\"\n                },\n                {\n                    \"type\": \"ColumnSet\",\n                    \"columns\": [\n                        {\n                            \"type\": \"Column\",\n                            \"width\": \"stretch\",\n                            \"items\": [\n                                {\n                                    \"color\": \"Default\",\n                                    \"text\": \"@{triggerBody()?['IPV4']}\",\n                                    \"wrap\": true,\n                                    \"spacing\": \"Small\",\n                                    \"type\": \"TextBlock\"\n                                }\n                            ],\n                            \"spacing\": \"Small\"\n                        }\n                    ],\n                    \"spacing\": \"None\"\n                },\n                {\n                    \"type\": \"TextBlock\",\n                    \"text\": \"Description\",\n                    \"wrap\": true\n                },\n                {\n                    \"type\": \"TextBlock\",\n                    \"text\": \"@{items('for_each_Data_Store_Patch')?['description']}\",\n                    \"wrap\": true\n                },\n                {\n                    \"type\": \"TextBlock\",\n                    \"text\": \"Release Date\",\n                    \"wrap\": true\n                },\n                {\n                    \"type\": \"TextBlock\",\n                    \"text\": \"@{items('for_each_Data_Store_Patch')?['releaseDate']}\",\n                    \"wrap\": true\n                },\n                {\n                    \"type\": \"TextBlock\",\n                    \"text\": \"URL\",\n                    \"wrap\": true\n                },\n                {\n                    \"type\": \"TextBlock\",\n                    \"text\": \"@{items('for_each_Data_Store_Patch')?['url']}\",\n                    \"wrap\": true\n                },\n\n            ]\n        }\n    ],\n    \"$schema\": \"https://adaptivecards.io/schemas/adaptive-card.json\",\n    \"version\": \"1.5\"\n}"},"host":{"apiId":"/providers/Microsoft.PowerApps/apis/shared_teams","connectionName":"shared_teams","operationId":"PostCardToConversation"},"authentication":"@parameters('$authentication')"}}},"type":"Foreach"}}},"expression":{"and":[{"contains":["@body('Parse_Data_Store_JSON')?['ArcGIS Data Store']","ArcGIS Data Store"]}]},"type":"If"}}},"connectionReferences":{"shared_teams":{"connectionName":"shared-teams-a2149311-4759-46b7-b038-ee20d762057f","source":"Embedded","id":"/providers/Microsoft.PowerApps/apis/shared_teams","tier":"NotSpecified","apiName":"teams","isProcessSimpleApiReferenceConversionAlreadyDone":false}},"flowFailureAlertSubscribed":false,"isManaged":false}}