{"name":"2d48e7d3-c19c-4301-9e4e-5c8f81e15be0","id":"/providers/Microsoft.Flow/flows/2d48e7d3-c19c-4301-9e4e-5c8f81e15be0","type":"Microsoft.Flow/flows","properties":{"apiId":"/providers/Microsoft.PowerApps/apis/shared_logicflows","displayName":"Patch Notification -> Notify via Teams","definition":{"metadata":{"workflowEntityId":null,"processAdvisorMetadata":null,"flowChargedByPaygo":null,"flowclientsuspensionreason":"None","flowclientsuspensiontime":null,"flowclientsuspensionreasondetails":null,"creator":{"id":"f8ef4d67-94a1-413b-a878-4125e919b781","type":"User","tenantId":"aee6e3c9-711e-4c7c-bd27-04f2307db20d"},"provisioningMethod":"FromDefinition","failureAlertSubscription":true,"clientLastModifiedTime":"2025-11-19T13:29:10.0942713Z","connectionKeySavedTimeKey":"2025-11-19T13:29:10.0942713Z","creationSource":null,"modifiedSources":"Portal"},"$schema":"https://schema.management.azure.com/providers/Microsoft.Logic/schemas/2016-06-01/workflowdefinition.json#","contentVersion":"undefined","parameters":{"$authentication":{"defaultValue":{},"type":"SecureObject"},"$connections":{"defaultValue":{},"type":"Object"}},"triggers":{"manual":{"metadata":{},"type":"Request","kind":"Http","inputs":{"schema":{"type":"object","properties":{"InstalledPatches":{"type":"array","items":{"type":"string"}},"FQDN":{"type":"string"},"MachineName":{"type":"string"},"AvailableUpdates":{"type":"array","items":{"type":"object","properties":{"url":{"type":"string"},"description":{"type":"string"},"component":{"type":"string"},"releaseDate":{"type":"string"}},"required":["url","description","component","releaseDate"]}},"IPV4":{"type":"string"},"InstalledComponents":{"type":"object","properties":{"Portal for ArcGIS":{"type":"string"}}}}},"triggerAuthenticationType":"All"}}},"actions":{"JSON_Data":{"runAfter":{},"type":"Compose","inputs":"@triggerBody()?['AvailableUpdates']"},"Apply_to_each":{"foreach":"@outputs('JSON_Data')","actions":{"Compose":{"type":"Compose","inputs":"@items('Apply_to_each')"},"Post_card_in_a_chat_or_channel":{"runAfter":{"Parse_JSON":["Succeeded"]},"type":"OpenApiConnection","inputs":{"parameters":{"poster":"User","location":"Channel","body/recipient/groupId":"18b4f576-1442-48c0-a5c9-a0b8fefc2425","body/recipient/channelId":"19:eb7666dc573747118bd251bb34afa2cc@thread.skype","body/messageBody":"{\n    \"type\": \"AdaptiveCard\",\n    \"speak\": \"ArcGIS Enterprise Patch Check\",\n    \"$schema\": \"https://adaptivecards.io/schemas/adaptive-card.json\",\n    \"version\": \"1.5\",\n    \"body\": [\n        {\n            \"inlines\": [\n                {\n                    \"type\": \"TextRun\",\n                    \"size\": \"ExtraLarge\",\n                    \"text\": \"ArcGIS Enterprise Patch Check\",\n                    \"selectAction\": {\n                        \"url\": \"https://support.esri.com/en-us/patches-updates\",\n                        \"type\": \"Action.OpenUrl\"\n                    }\n                }\n            ],\n            \"type\": \"RichTextBlock\"\n        },\n        {\n            \"columns\": [\n                {\n                    \"width\": \"auto\",\n                    \"items\": [\n                        {\n                            \"type\": \"Icon\",\n                            \"name\": \"Server\",\n                            \"color\": \"Accent\"\n                        }\n                    ],\n                    \"type\": \"Column\"\n                },\n                {\n                    \"width\": \"stretch\",\n                    \"items\": [\n                        {\n                            \"size\": \"Large\",\n                            \"text\": \"Machine\",\n                            \"weight\": \"Bolder\",\n                            \"wrap\": true,\n                            \"type\": \"TextBlock\"\n                        }\n                    ],\n                    \"verticalContentAlignment\": \"Center\",\n                    \"spacing\": \"Small\",\n                    \"type\": \"Column\"\n                }\n            ],\n            \"spacing\": \"Small\",\n            \"type\": \"ColumnSet\"\n        },\n        {\n            \"type\": \"Container\",\n            \"items\": [\n                {\n                    \"type\": \"ColumnSet\",\n                    \"columns\": [\n                        {\n                            \"type\": \"Column\",\n                            \"width\": \"auto\",\n                            \"items\": [\n                                {\n                                    \"type\": \"TextBlock\",\n                                    \"text\": \"Machine Name\",\n                                    \"wrap\": true,\n                                    \"size\": \"Medium\",\n                                    \"weight\": \"Bolder\"\n                                }\n                            ]\n                        },\n                        {\n                            \"type\": \"Column\",\n                            \"width\": \"auto\",\n                            \"items\": [\n                                {\n                                    \"type\": \"TextBlock\",\n                                    \"text\": \"@{triggerBody()?['MachineName']}\",\n                                    \"wrap\": true\n                                }\n                            ]\n                        }\n                    ]\n                },\n                {\n                    \"type\": \"ColumnSet\",\n                    \"columns\": [\n                        {\n                            \"type\": \"Column\",\n                            \"width\": \"auto\",\n                            \"items\": [\n                                {\n                                    \"type\": \"TextBlock\",\n                                    \"text\": \"FQDN\",\n                                    \"wrap\": true,\n                                    \"size\": \"Medium\",\n                                    \"weight\": \"Bolder\"\n                                }\n                            ]\n                        },\n                        {\n                            \"type\": \"Column\",\n                            \"width\": \"auto\",\n                            \"items\": [\n                                {\n                                    \"type\": \"TextBlock\",\n                                    \"text\": \"@{triggerBody()?['FQDN']}\",\n                                    \"wrap\": true\n                                }\n                            ]\n                        }\n                    ]\n                },\n                {\n                    \"type\": \"ColumnSet\",\n                    \"columns\": [\n                        {\n                            \"type\": \"Column\",\n                            \"width\": \"auto\",\n                            \"items\": [\n                                {\n                                    \"type\": \"TextBlock\",\n                                    \"text\": \"IPV4\",\n                                    \"wrap\": true,\n                                    \"size\": \"Medium\",\n                                    \"weight\": \"Bolder\"\n                                }\n                            ]\n                        },\n                        {\n                            \"type\": \"Column\",\n                            \"width\": \"auto\",\n                            \"items\": [\n                                {\n                                    \"type\": \"TextBlock\",\n                                    \"text\": \"@{triggerBody()?['IPV4']}\",\n                                    \"wrap\": true\n                                }\n                            ]\n                        }\n                    ]\n                }\n            ],\n            \"targetWidth\": \"AtLeast:Narrow\"\n        },\n        {\n            \"type\": \"Container\",\n            \"items\": [\n                {\n                    \"type\": \"TextBlock\",\n                    \"text\": \"Machine Name\",\n                    \"wrap\": true,\n                    \"size\": \"Medium\",\n                    \"weight\": \"Bolder\"\n                },\n                {\n                    \"type\": \"TextBlock\",\n                    \"text\": \"@{triggerBody()?['MachineName']}\",\n                    \"wrap\": true\n                },\n                {\n                    \"type\": \"TextBlock\",\n                    \"text\": \"FQDN\",\n                    \"wrap\": true,\n                    \"size\": \"Medium\",\n                    \"weight\": \"Bolder\"\n                },\n                {\n                    \"type\": \"TextBlock\",\n                    \"text\": \"@{triggerBody()?['FQDN']}\",\n                    \"wrap\": true\n                },\n                {\n                    \"type\": \"TextBlock\",\n                    \"text\": \"IPV4\",\n                    \"wrap\": true,\n                    \"size\": \"Medium\",\n                    \"weight\": \"Bolder\"\n                },\n                {\n                    \"type\": \"TextBlock\",\n                    \"text\": \"@{triggerBody()?['IPV4']}\",\n                    \"wrap\": true\n                }\n            ],\n            \"targetWidth\": \"VeryNarrow\"\n        },\n        {\n            \"type\": \"Container\",\n            \"items\": [\n                {\n                    \"type\": \"ColumnSet\",\n                    \"columns\": [\n                        {\n                            \"type\": \"Column\",\n                            \"width\": \"auto\",\n                            \"items\": [\n                                {\n                                    \"type\": \"Icon\",\n                                    \"name\": \"AlertBadge\"\n                                }\n                            ]\n                        },\n                        {\n                            \"type\": \"Column\",\n                            \"width\": \"stretch\",\n                            \"items\": [\n                                {\n                                    \"type\": \"TextBlock\",\n                                    \"wrap\": true,\n                                    \"text\": \"Available Patch\",\n                                    \"size\": \"Large\",\n                                    \"weight\": \"Bolder\"\n                                }\n                            ],\n                            \"verticalContentAlignment\": \"Center\"\n                        }\n                    ]\n                }\n            ]\n        },\n        {\n            \"type\": \"Container\",\n            \"items\": [\n                {\n                    \"type\": \"ColumnSet\",\n                    \"columns\": [\n                        {\n                            \"type\": \"Column\",\n                            \"width\": \"auto\",\n                            \"items\": [\n                                {\n                                    \"type\": \"TextBlock\",\n                                    \"text\": \"Component\",\n                                    \"wrap\": true,\n                                    \"size\": \"Medium\",\n                                    \"weight\": \"Bolder\"\n                                }\n                            ]\n                        },\n                        {\n                            \"type\": \"Column\",\n                            \"width\": \"stretch\",\n                            \"items\": [\n                                {\n                                    \"type\": \"TextBlock\",\n                                    \"text\": \"@{body('Parse_JSON')?['component']}\",\n                                    \"wrap\": true\n                                }\n                            ]\n                        }\n                    ]\n                },\n                {\n                    \"type\": \"ColumnSet\",\n                    \"columns\": [\n                        {\n                            \"type\": \"Column\",\n                            \"width\": \"auto\",\n                            \"items\": [\n                                {\n                                    \"type\": \"TextBlock\",\n                                    \"text\": \"Release Date\",\n                                    \"wrap\": true,\n                                    \"size\": \"Medium\",\n                                    \"weight\": \"Bolder\"\n                                }\n                            ]\n                        },\n                        {\n                            \"type\": \"Column\",\n                            \"width\": \"stretch\",\n                            \"items\": [\n                                {\n                                    \"type\": \"TextBlock\",\n                                    \"text\": \"@{body('Parse_JSON')?['releaseDate']}\",\n                                    \"wrap\": true\n                                }\n                            ]\n                        }\n                    ]\n                },\n                {\n                    \"type\": \"ColumnSet\",\n                    \"columns\": [\n                        {\n                            \"type\": \"Column\",\n                            \"width\": \"auto\",\n                            \"items\": [\n                                {\n                                    \"type\": \"TextBlock\",\n                                    \"text\": \"URL\",\n                                    \"wrap\": true,\n                                    \"size\": \"Medium\",\n                                    \"weight\": \"Bolder\"\n                                }\n                            ]\n                        },\n                        {\n                            \"type\": \"Column\",\n                            \"width\": \"stretch\",\n                            \"items\": [\n                                {\n                                    \"type\": \"TextBlock\",\n                                    \"text\": \"@{body('Parse_JSON')?['url']}\",\n                                    \"wrap\": true,\n                                    \"selectAction\": {\n                                        \"url\": \"@{body('Parse_JSON')?['url']}\",\n                                        \"type\": \"Action.OpenUrl\"\n                                    }\n                                }\n                            ]\n                        }\n                    ]\n                },\n                {\n                    \"type\": \"ColumnSet\",\n                    \"columns\": [\n                        {\n                            \"type\": \"Column\",\n                            \"width\": \"auto\",\n                            \"items\": [\n                                {\n                                    \"type\": \"TextBlock\",\n                                    \"text\": \"Description\",\n                                    \"wrap\": true,\n                                    \"weight\": \"Bolder\",\n                                    \"size\": \"Medium\"\n                                }\n                            ]\n                        },\n                        {\n                            \"type\": \"Column\",\n                            \"width\": \"stretch\",\n                            \"items\": [\n                                {\n                                    \"type\": \"TextBlock\",\n                                    \"text\": \"@{body('Parse_JSON')?['description']}\",\n                                    \"wrap\": true,\n                                    \"selectAction\": {\n                                        \"url\": \"@{body('Parse_JSON')?['url']}\",\n                                        \"type\": \"Action.OpenUrl\"\n                                    }\n                                }\n                            ]\n                        }\n                    ]\n                }\n            ],\n            \"targetWidth\": \"AtLeast:Narrow\"\n        },\n        {\n            \"type\": \"Container\",\n            \"items\": [\n                {\n                    \"type\": \"TextBlock\",\n                    \"text\": \"Component\",\n                    \"wrap\": true,\n                    \"size\": \"Medium\",\n                    \"weight\": \"Bolder\"\n                },\n                {\n                    \"type\": \"TextBlock\",\n                    \"text\": \"@{body('Parse_JSON')?['component']}\",\n                    \"wrap\": true\n                },\n                {\n                    \"type\": \"TextBlock\",\n                    \"text\": \"Release Date\",\n                    \"wrap\": true,\n                    \"size\": \"Medium\",\n                    \"weight\": \"Bolder\"\n                },\n                {\n                    \"type\": \"TextBlock\",\n                    \"text\": \"@{body('Parse_JSON')?['releaseDate']}\",\n                    \"wrap\": true\n                },\n                {\n                    \"type\": \"TextBlock\",\n                    \"text\": \"URL\",\n                    \"wrap\": true,\n                    \"size\": \"Medium\",\n                    \"weight\": \"Bolder\"\n                },\n                {\n                    \"type\": \"TextBlock\",\n                    \"text\": \"@{body('Parse_JSON')?['url']}\",\n                    \"wrap\": true,\n                    \"selectAction\": {\n                        \"url\": \"@{body('Parse_JSON')?['url']}\",\n                        \"type\": \"Action.OpenUrl\"\n                    }\n                },\n                {\n                    \"type\": \"TextBlock\",\n                    \"text\": \"Description\",\n                    \"wrap\": true,\n                    \"size\": \"Medium\",\n                    \"weight\": \"Bolder\"\n                },\n                {\n                    \"type\": \"TextBlock\",\n                    \"text\": \"@{body('Parse_JSON')?['description']}\",\n                    \"wrap\": true,\n                    \"selectAction\": {\n                        \"url\": \"@{body('Parse_JSON')?['url']}\",\n                        \"type\": \"Action.OpenUrl\"\n                    }\n                }\n            ],\n            \"targetWidth\": \"VeryNarrow\"\n        }\n    ]\n}"},"host":{"apiId":"/providers/Microsoft.PowerApps/apis/shared_teams","connectionName":"shared_teams","operationId":"PostCardToConversation"},"authentication":"@parameters('$authentication')"}},"Parse_JSON":{"runAfter":{"Compose":["Succeeded"]},"type":"ParseJson","inputs":{"content":"@outputs('Compose')","schema":{"type":"object","properties":{"url":{"type":"string"},"description":{"type":"string"},"component":{"type":"string"},"releaseDate":{"type":"string"}}}}}},"runAfter":{"JSON_Data":["Succeeded"]},"type":"Foreach"}}},"connectionReferences":{"shared_teams":{"connectionName":"shared-teams-a2149311-4759-46b7-b038-ee20d762057f","source":"Embedded","id":"/providers/Microsoft.PowerApps/apis/shared_teams","tier":"NotSpecified","apiName":"teams","isProcessSimpleApiReferenceConversionAlreadyDone":false}},"flowFailureAlertSubscribed":false,"isManaged":false}}